Name,"% Frequency","Approximate Number","Rank","Gender"
JAMES,3.318,4840833,1,Male
JOHN,3.271,4772262,2,Male
ROBERT,3.143,4585515,3,Male
MICHAEL,2.629,3835609,4,Male
WILLIAM,2.451,3575914,5,Male
DAVID,2.363,3447525,6,Male
RICHARD,1.703,2484611,7,Male
CHARLES,1.523,2221998,8,Male
JOSEPH,1.404,2048382,9,Male
THOMAS,1.38,2013366,10,Male
CHRISTOPHER,1.035,1510025,11,Male
DANIEL,0.974,1421028,12,Male
PAUL,0.948,1383095,13,Male
MARK,0.938,1368506,14,Male
DONALD,0.931,1358293,15,Male
GEORGE,0.927,1352457,16,Male
KENNETH,0.826,1205102,17,Male
STEVEN,0.78,1137990,18,Male
EDWARD,0.779,1136531,19,Male
BRIAN,0.736,1073795,20,Male
RONALD,0.725,1057747,21,Male
ANTHONY,0.721,1051911,22,Male
KEVIN,0.671,978963,23,Male
JASON,0.66,962914,24,Male
MATTHEW,0.657,958538,25,Male
GARY,0.65,948325,26,Male
TIMOTHY,0.64,933735,27,Male
JOSE,0.613,894343,28,Male
LARRY,0.598,872459,29,Male
JEFFREY,0.591,862246,30,Male
FRANK,0.581,847656,31,Male
SCOTT,0.546,796593,32,Male
ERIC,0.544,793675,33,Male
STEPHEN,0.54,787839,34,Male
ANDREW,0.537,783462,35,Male
RAYMOND,0.488,711973,36,Male
GREGORY,0.441,643402,37,Male
JOSHUA,0.435,634648,38,Male
JERRY,0.432,630271,39,Male
DENNIS,0.415,605469,40,Male
WALTER,0.399,582126,41,Male
PATRICK,0.389,567536,42,Male
PETER,0.381,555864,43,Male
HAROLD,0.371,541275,44,Male
DOUGLAS,0.367,535439,45,Male
HENRY,0.365,532521,46,Male
CARL,0.346,504801,47,Male
ARTHUR,0.335,488752,48,Male
RYAN,0.328,478539,49,Male
ROGER,0.322,469786,50,Male
JOE,0.321,468327,51,Male
JUAN,0.316,461032,52,Male
JACK,0.315,459573,53,Male
ALBERT,0.314,458114,54,Male
JONATHAN,0.313,456655,55,Male
JUSTIN,0.311,453737,56,Male
TERRY,0.311,453737,57,Male
GERALD,0.309,450819,58,Male
KEITH,0.308,449360,59,Male
SAMUEL,0.306,446442,60,Male
WILLIE,0.302,440606,61,Male
RALPH,0.282,411427,62,Male
LAWRENCE,0.282,411427,63,Male
NICHOLAS,0.275,401214,64,Male
ROY,0.273,398296,65,Male
BENJAMIN,0.27,393920,66,Male
BRUCE,0.263,383707,67,Male
BRANDON,0.26,379330,68,Male
ADAM,0.259,377871,69,Male
HARRY,0.251,366199,70,Male
FRED,0.251,366199,71,Male
WAYNE,0.249,363281,72,Male
BILLY,0.248,361822,73,Male
STEVE,0.246,358904,74,Male
LOUIS,0.243,354528,75,Male
JEREMY,0.242,353069,76,Male
AARON,0.24,350151,77,Male
RANDY,0.232,338479,78,Male
HOWARD,0.23,335561,79,Male
EUGENE,0.23,335561,80,Male
CARLOS,0.229,334102,81,Male
RUSSELL,0.224,326807,82,Male
BOBBY,0.223,325348,83,Male
VICTOR,0.222,323889,84,Male
MARTIN,0.216,315136,85,Male
ERNEST,0.215,313677,86,Male
PHILLIP,0.213,310759,87,Male
TODD,0.213,310759,88,Male
JESSE,0.209,304923,89,Male
CRAIG,0.206,300546,90,Male
ALAN,0.204,297628,91,Male
SHAWN,0.2,291792,92,Male
CLARENCE,0.197,287415,93,Male
SEAN,0.197,287415,94,Male
PHILIP,0.197,287415,95,Male
CHRIS,0.197,287415,96,Male
JOHNNY,0.195,284497,97,Male
EARL,0.193,281580,98,Male
JIMMY,0.191,278662,99,Male
ANTONIO,0.19,277203,100,Male
DANNY,0.19,277203,101,Male
BRYAN,0.19,277203,102,Male
TONY,0.19,277203,103,Male
LUIS,0.189,275744,104,Male
MIKE,0.189,275744,105,Male
STANLEY,0.186,271367,106,Male
LEONARD,0.186,271367,107,Male
NATHAN,0.185,269908,108,Male
DALE,0.184,268449,109,Male
MANUEL,0.181,264072,110,Male
RODNEY,0.18,262613,111,Male
CURTIS,0.18,262613,112,Male
NORMAN,0.177,258236,113,Male
ALLEN,0.174,253859,114,Male
MARVIN,0.171,249482,115,Male
VINCENT,0.168,245105,116,Male
GLENN,0.167,243647,117,Male
JEFFERY,0.166,242188,118,Male
TRAVIS,0.166,242188,119,Male
JEFF,0.166,242188,120,Male
CHAD,0.165,240729,121,Male
JACOB,0.165,240729,122,Male
LEE,0.162,236352,123,Male
MELVIN,0.162,236352,124,Male
ALFRED,0.162,236352,125,Male
KYLE,0.16,233434,126,Male
FRANCIS,0.16,233434,127,Male
BRADLEY,0.159,231975,128,Male
JESUS,0.155,226139,129,Male
HERBERT,0.155,226139,130,Male
FREDERICK,0.154,224680,131,Male
RAY,0.153,223221,132,Male
JOEL,0.152,221762,133,Male
EDWIN,0.148,215926,134,Male
DON,0.145,211549,135,Male
EDDIE,0.144,210090,136,Male
RICKY,0.141,205714,137,Male
TROY,0.138,201337,138,Male
RANDALL,0.138,201337,139,Male
BARRY,0.134,195501,140,Male
ALEXANDER,0.132,192583,141,Male
BERNARD,0.127,185288,142,Male
MARIO,0.125,182370,143,Male
LEROY,0.125,182370,144,Male
FRANCISCO,0.124,180911,145,Male
MARCUS,0.124,180911,146,Male
MICHEAL,0.123,179452,147,Male
THEODORE,0.123,179452,148,Male
CLIFFORD,0.123,179452,149,Male
MIGUEL,0.122,177993,150,Male
OSCAR,0.122,177993,151,Male
JAY,0.118,172157,152,Male
JIM,0.118,172157,153,Male
TOM,0.117,170698,154,Male
CALVIN,0.115,167781,155,Male
ALEX,0.115,167781,156,Male
JON,0.115,167781,157,Male
RONNIE,0.113,164863,158,Male
BILL,0.112,163404,159,Male
LLOYD,0.112,163404,160,Male
TOMMY,0.112,163404,161,Male
LEON,0.112,163404,162,Male
DEREK,0.112,163404,163,Male
WARREN,0.11,160486,164,Male
DARRELL,0.108,157568,165,Male
JEROME,0.108,157568,166,Male
FLOYD,0.107,156109,167,Male
LEO,0.106,154650,168,Male
ALVIN,0.105,153191,169,Male
TIM,0.104,151732,170,Male
WESLEY,0.104,151732,171,Male
GORDON,0.104,151732,172,Male
DEAN,0.104,151732,173,Male
GREG,0.104,151732,174,Male
JORGE,0.104,151732,175,Male
DUSTIN,0.103,150273,176,Male
PEDRO,0.103,150273,177,Male
DERRICK,0.103,150273,178,Male
DAN,0.101,147355,179,Male
LEWIS,0.099,144437,180,Male
ZACHARY,0.099,144437,181,Male
COREY,0.098,142978,182,Male
HERMAN,0.097,141519,183,Male
MAURICE,0.097,141519,184,Male
VERNON,0.097,141519,185,Male
ROBERTO,0.097,141519,186,Male
CLYDE,0.095,138601,187,Male
GLEN,0.094,137142,188,Male
HECTOR,0.094,137142,189,Male
SHANE,0.093,135683,190,Male
RICARDO,0.093,135683,191,Male
SAM,0.092,134224,192,Male
RICK,0.091,132765,193,Male
LESTER,0.091,132765,194,Male
BRENT,0.09,131307,195,Male
RAMON,0.09,131307,196,Male
CHARLIE,0.09,131307,197,Male
TYLER,0.089,129848,198,Male
GILBERT,0.089,129848,199,Male
GENE,0.087,126930,200,Male
MARC,0.087,126930,201,Male
REGINALD,0.084,122553,202,Male
RUBEN,0.082,119635,203,Male
BRETT,0.082,119635,204,Male
ANGEL,0.082,119635,205,Male
NATHANIEL,0.081,118176,206,Male
RAFAEL,0.081,118176,207,Male
LESLIE,0.081,118176,208,Male
EDGAR,0.08,116717,209,Male
MILTON,0.08,116717,210,Male
RAUL,0.079,115258,211,Male
BEN,0.078,113799,212,Male
CHESTER,0.078,113799,213,Male
CECIL,0.078,113799,214,Male
DUANE,0.077,112340,215,Male
FRANKLIN,0.077,112340,216,Male
ANDRE,0.076,110881,217,Male
ELMER,0.074,107963,218,Male
BRAD,0.073,106504,219,Male
GABRIEL,0.073,106504,220,Male
RON,0.072,105045,221,Male
MITCHELL,0.072,105045,222,Male
ROLAND,0.072,105045,223,Male
ARNOLD,0.072,105045,224,Male
HARVEY,0.072,105045,225,Male
JARED,0.071,103586,226,Male
ADRIAN,0.069,100668,227,Male
KARL,0.069,100668,228,Male
CORY,0.068,99209,229,Male
CLAUDE,0.068,99209,230,Male
ERIK,0.068,99209,231,Male
DARRYL,0.067,97750,232,Male
JAMIE,0.066,96291,233,Male
NEIL,0.066,96291,234,Male
JESSIE,0.065,94832,235,Male
CHRISTIAN,0.065,94832,236,Male
JAVIER,0.065,94832,237,Male
FERNANDO,0.065,94832,238,Male
CLINTON,0.065,94832,239,Male
TED,0.064,93374,240,Male
MATHEW,0.064,93374,241,Male
TYRONE,0.064,93374,242,Male
DARREN,0.064,93374,243,Male
LONNIE,0.064,93374,244,Male
LANCE,0.063,91915,245,Male
CODY,0.063,91915,246,Male
JULIO,0.063,91915,247,Male
KELLY,0.063,91915,248,Male
KURT,0.062,90456,249,Male
ALLAN,0.061,88997,250,Male
NELSON,0.061,88997,251,Male
GUY,0.06,87538,252,Male
CLAYTON,0.06,87538,253,Male
HUGH,0.06,87538,254,Male
MAX,0.059,86079,255,Male
DWAYNE,0.059,86079,256,Male
DWIGHT,0.058,84620,257,Male
ARMANDO,0.058,84620,258,Male
FELIX,0.058,84620,259,Male
JIMMIE,0.058,84620,260,Male
EVERETT,0.057,83161,261,Male
JORDAN,0.056,81702,262,Male
IAN,0.056,81702,263,Male
WALLACE,0.056,81702,264,Male
KEN,0.055,80243,265,Male
BOB,0.055,80243,266,Male
JAIME,0.055,80243,267,Male
CASEY,0.054,78784,268,Male
ALFREDO,0.054,78784,269,Male
ALBERTO,0.053,77325,270,Male
DAVE,0.053,77325,271,Male
IVAN,0.053,77325,272,Male
JOHNNIE,0.052,75866,273,Male
SIDNEY,0.052,75866,274,Male
BYRON,0.052,75866,275,Male
JULIAN,0.052,75866,276,Male
ISAAC,0.051,74407,277,Male
MORRIS,0.051,74407,278,Male
CLIFTON,0.05,72948,279,Male
WILLARD,0.05,72948,280,Male
DARYL,0.05,72948,281,Male
ROSS,0.05,72948,282,Male
VIRGIL,0.049,71489,283,Male
ANDY,0.049,71489,284,Male
MARSHALL,0.049,71489,285,Male
SALVADOR,0.049,71489,286,Male
PERRY,0.049,71489,287,Male
KIRK,0.049,71489,288,Male
SERGIO,0.049,71489,289,Male
MARION,0.048,70030,290,Male
TRACY,0.048,70030,291,Male
SETH,0.048,70030,292,Male
KENT,0.048,70030,293,Male
TERRANCE,0.048,70030,294,Male
RENE,0.048,70030,295,Male
EDUARDO,0.047,68571,296,Male
TERRENCE,0.047,68571,297,Male
ENRIQUE,0.046,67112,298,Male
FREDDIE,0.046,67112,299,Male
WADE,0.045,65653,300,Male
AUSTIN,0.044,64194,301,Male
STUART,0.044,64194,302,Male
FREDRICK,0.043,62735,303,Male
ARTURO,0.043,62735,304,Male
ALEJANDRO,0.043,62735,305,Male
JACKIE,0.043,62735,306,Male
JOEY,0.043,62735,307,Male
NICK,0.043,62735,308,Male
LUTHER,0.043,62735,309,Male
WENDELL,0.042,61276,310,Male
JEREMIAH,0.042,61276,311,Male
EVAN,0.042,61276,312,Male
JULIUS,0.042,61276,313,Male
DANA,0.042,61276,314,Male
DONNIE,0.041,59817,315,Male
OTIS,0.041,59817,316,Male
SHANNON,0.04,58358,317,Male
TREVOR,0.04,58358,318,Male
OLIVER,0.04,58358,319,Male
LUKE,0.04,58358,320,Male
HOMER,0.04,58358,321,Male
GERARD,0.04,58358,322,Male
DOUG,0.04,58358,323,Male
KENNY,0.039,56899,324,Male
HUBERT,0.039,56899,325,Male
ANGELO,0.039,56899,326,Male
SHAUN,0.039,56899,327,Male
LYLE,0.038,55441,328,Male
MATT,0.038,55441,329,Male
LYNN,0.038,55441,330,Male
ALFONSO,0.038,55441,331,Male
ORLANDO,0.037,53982,332,Male
REX,0.037,53982,333,Male
CARLTON,0.037,53982,334,Male
ERNESTO,0.037,53982,335,Male
CAMERON,0.037,53982,336,Male
NEAL,0.037,53982,337,Male
PABLO,0.036,52523,338,Male
LORENZO,0.036,52523,339,Male
OMAR,0.036,52523,340,Male
WILBUR,0.036,52523,341,Male
BLAKE,0.036,52523,342,Male
GRANT,0.036,52523,343,Male
HORACE,0.036,52523,344,Male
RODERICK,0.036,52523,345,Male
KERRY,0.036,52523,346,Male
ABRAHAM,0.035,51064,347,Male
WILLIS,0.035,51064,348,Male
RICKEY,0.035,51064,349,Male
JEAN,0.035,51064,350,Male
IRA,0.035,51064,351,Male
ANDRES,0.034,49605,352,Male
CESAR,0.034,49605,353,Male
JOHNATHAN,0.034,49605,354,Male
MALCOLM,0.034,49605,355,Male
RUDOLPH,0.034,49605,356,Male
DAMON,0.034,49605,357,Male
KELVIN,0.034,49605,358,Male
RUDY,0.034,49605,359,Male
PRESTON,0.034,49605,360,Male
ALTON,0.033,48146,361,Male
ARCHIE,0.033,48146,362,Male
MARCO,0.033,48146,363,Male
WM,0.033,48146,364,Male
PETE,0.032,46687,365,Male
RANDOLPH,0.032,46687,366,Male
GARRY,0.032,46687,367,Male
GEOFFREY,0.032,46687,368,Male
JONATHON,0.032,46687,369,Male
FELIPE,0.032,46687,370,Male
BENNIE,0.032,46687,371,Male
GERARDO,0.032,46687,372,Male
ED,0.032,46687,373,Male
DOMINIC,0.032,46687,374,Male
ROBIN,0.032,46687,375,Male
LOREN,0.032,46687,376,Male
DELBERT,0.031,45228,377,Male
COLIN,0.031,45228,378,Male
GUILLERMO,0.031,45228,379,Male
EARNEST,0.031,45228,380,Male
LUCAS,0.031,45228,381,Male
BENNY,0.03,43769,382,Male
NOEL,0.03,43769,383,Male
SPENCER,0.03,43769,384,Male
RODOLFO,0.03,43769,385,Male
MYRON,0.03,43769,386,Male
EDMUND,0.03,43769,387,Male
GARRETT,0.029,42310,388,Male
SALVATORE,0.029,42310,389,Male
CEDRIC,0.029,42310,390,Male
LOWELL,0.029,42310,391,Male
GREGG,0.029,42310,392,Male
SHERMAN,0.028,40851,393,Male
WILSON,0.028,40851,394,Male
DEVIN,0.028,40851,395,Male
SYLVESTER,0.028,40851,396,Male
KIM,0.028,40851,397,Male
ROOSEVELT,0.028,40851,398,Male
ISRAEL,0.028,40851,399,Male
JERMAINE,0.028,40851,400,Male
FORREST,0.027,39392,401,Male
WILBERT,0.027,39392,402,Male
LELAND,0.027,39392,403,Male
SIMON,0.026,37933,404,Male
GUADALUPE,0.026,37933,405,Male
CLARK,0.026,37933,406,Male
IRVING,0.026,37933,407,Male
CARROLL,0.026,37933,408,Male
BRYANT,0.026,37933,409,Male
OWEN,0.026,37933,410,Male
RUFUS,0.025,36474,411,Male
WOODROW,0.025,36474,412,Male
SAMMY,0.025,36474,413,Male
KRISTOPHER,0.025,36474,414,Male
MACK,0.025,36474,415,Male
LEVI,0.025,36474,416,Male
MARCOS,0.025,36474,417,Male
GUSTAVO,0.025,36474,418,Male
JAKE,0.025,36474,419,Male
LIONEL,0.024,35015,420,Male
MARTY,0.024,35015,421,Male
TAYLOR,0.024,35015,422,Male
ELLIS,0.024,35015,423,Male
DALLAS,0.024,35015,424,Male
GILBERTO,0.024,35015,425,Male
CLINT,0.024,35015,426,Male
NICOLAS,0.024,35015,427,Male
LAURENCE,0.024,35015,428,Male
ISMAEL,0.024,35015,429,Male
ORVILLE,0.024,35015,430,Male
DREW,0.024,35015,431,Male
JODY,0.024,35015,432,Male
ERVIN,0.023,33556,433,Male
DEWEY,0.023,33556,434,Male
AL,0.023,33556,435,Male
WILFRED,0.023,33556,436,Male
JOSH,0.023,33556,437,Male
HUGO,0.023,33556,438,Male
IGNACIO,0.023,33556,439,Male
CALEB,0.023,33556,440,Male
TOMAS,0.023,33556,441,Male
SHELDON,0.023,33556,442,Male
ERICK,0.023,33556,443,Male
FRANKIE,0.023,33556,444,Male
STEWART,0.022,32097,445,Male
DOYLE,0.022,32097,446,Male
DARREL,0.022,32097,447,Male
ROGELIO,0.022,32097,448,Male
TERENCE,0.022,32097,449,Male
SANTIAGO,0.022,32097,450,Male
ALONZO,0.022,32097,451,Male
ELIAS,0.022,32097,452,Male
BERT,0.022,32097,453,Male
ELBERT,0.022,32097,454,Male
RAMIRO,0.022,32097,455,Male
CONRAD,0.022,32097,456,Male
PAT,0.022,32097,457,Male
NOAH,0.022,32097,458,Male
GRADY,0.021,30638,459,Male
PHIL,0.021,30638,460,Male
CORNELIUS,0.021,30638,461,Male
LAMAR,0.021,30638,462,Male
ROLANDO,0.021,30638,463,Male
CLAY,0.021,30638,464,Male
PERCY,0.021,30638,465,Male
DEXTER,0.021,30638,466,Male
BRADFORD,0.021,30638,467,Male
MERLE,0.021,30638,468,Male
DARIN,0.02,29179,469,Male
AMOS,0.02,29179,470,Male
TERRELL,0.02,29179,471,Male
MOSES,0.02,29179,472,Male
IRVIN,0.02,29179,473,Male
SAUL,0.02,29179,474,Male
ROMAN,0.02,29179,475,Male
DARNELL,0.02,29179,476,Male
RANDAL,0.02,29179,477,Male
TOMMIE,0.02,29179,478,Male
TIMMY,0.019,27720,479,Male
DARRIN,0.019,27720,480,Male
WINSTON,0.019,27720,481,Male
BRENDAN,0.019,27720,482,Male
TOBY,0.019,27720,483,Male
VAN,0.019,27720,484,Male
ABEL,0.019,27720,485,Male
DOMINICK,0.019,27720,486,Male
BOYD,0.019,27720,487,Male
COURTNEY,0.019,27720,488,Male
JAN,0.019,27720,489,Male
EMILIO,0.019,27720,490,Male
ELIJAH,0.019,27720,491,Male
CARY,0.019,27720,492,Male
DOMINGO,0.019,27720,493,Male
SANTOS,0.019,27720,494,Male
AUBREY,0.019,27720,495,Male
EMMETT,0.019,27720,496,Male
MARLON,0.019,27720,497,Male
EMANUEL,0.019,27720,498,Male
JERALD,0.019,27720,499,Male
EDMOND,0.019,27720,500,Male
EMIL,0.019,27720,501,Male
DEWAYNE,0.018,26261,502,Male
WILL,0.018,26261,503,Male
OTTO,0.018,26261,504,Male
TEDDY,0.018,26261,505,Male
REYNALDO,0.018,26261,506,Male
BRET,0.018,26261,507,Male
MORGAN,0.018,26261,508,Male
JESS,0.018,26261,509,Male
TRENT,0.018,26261,510,Male
HUMBERTO,0.018,26261,511,Male
EMMANUEL,0.018,26261,512,Male
STEPHAN,0.018,26261,513,Male
LOUIE,0.018,26261,514,Male
VICENTE,0.017,24802,515,Male
LAMONT,0.017,24802,516,Male
STACY,0.017,24802,517,Male
GARLAND,0.017,24802,518,Male
MILES,0.017,24802,519,Male
MICAH,0.017,24802,520,Male
EFRAIN,0.017,24802,521,Male
BILLIE,0.017,24802,522,Male
LOGAN,0.017,24802,523,Male
HEATH,0.017,24802,524,Male
RODGER,0.017,24802,525,Male
HARLEY,0.017,24802,526,Male
DEMETRIUS,0.017,24802,527,Male
ETHAN,0.017,24802,528,Male
ELDON,0.017,24802,529,Male
ROCKY,0.016,23343,530,Male
PIERRE,0.016,23343,531,Male
JUNIOR,0.016,23343,532,Male
FREDDY,0.016,23343,533,Male
ELI,0.016,23343,534,Male
BRYCE,0.016,23343,535,Male
ANTOINE,0.016,23343,536,Male
ROBBIE,0.016,23343,537,Male
KENDALL,0.016,23343,538,Male
ROYCE,0.016,23343,539,Male
STERLING,0.016,23343,540,Male
MICKEY,0.016,23343,541,Male
CHASE,0.016,23343,542,Male
GROVER,0.016,23343,543,Male
ELTON,0.016,23343,544,Male
CLEVELAND,0.016,23343,545,Male
DYLAN,0.016,23343,546,Male
CHUCK,0.016,23343,547,Male
DAMIAN,0.016,23343,548,Male
REUBEN,0.015,21884,549,Male
STAN,0.015,21884,550,Male
AUGUST,0.015,21884,551,Male
LEONARDO,0.015,21884,552,Male
JASPER,0.015,21884,553,Male
RUSSEL,0.015,21884,554,Male
ERWIN,0.015,21884,555,Male
BENITO,0.015,21884,556,Male
HANS,0.015,21884,557,Male
MONTE,0.015,21884,558,Male
BLAINE,0.015,21884,559,Male
ERNIE,0.015,21884,560,Male
CURT,0.015,21884,561,Male
QUENTIN,0.015,21884,562,Male
AGUSTIN,0.015,21884,563,Male
MURRAY,0.015,21884,564,Male
JAMAL,0.014,20425,565,Male
DEVON,0.014,20425,566,Male
ADOLFO,0.014,20425,567,Male
HARRISON,0.014,20425,568,Male
TYSON,0.014,20425,569,Male
BURTON,0.014,20425,570,Male
BRADY,0.014,20425,571,Male
ELLIOTT,0.014,20425,572,Male
WILFREDO,0.014,20425,573,Male
BART,0.014,20425,574,Male
JARROD,0.014,20425,575,Male
VANCE,0.014,20425,576,Male
DENIS,0.014,20425,577,Male
DAMIEN,0.014,20425,578,Male
JOAQUIN,0.014,20425,579,Male
HARLAN,0.014,20425,580,Male
DESMOND,0.014,20425,581,Male
ELLIOT,0.014,20425,582,Male
DARWIN,0.014,20425,583,Male
ASHLEY,0.014,20425,584,Male
GREGORIO,0.014,20425,585,Male
BUDDY,0.014,20425,586,Male
XAVIER,0.013,18966,587,Male
KERMIT,0.013,18966,588,Male
ROSCOE,0.013,18966,589,Male
ESTEBAN,0.013,18966,590,Male
ANTON,0.013,18966,591,Male
SOLOMON,0.013,18966,592,Male
SCOTTY,0.013,18966,593,Male
NORBERT,0.013,18966,594,Male
ELVIN,0.013,18966,595,Male
WILLIAMS,0.013,18966,596,Male
NOLAN,0.013,18966,597,Male
CAREY,0.013,18966,598,Male
ROD,0.013,18966,599,Male
QUINTON,0.013,18966,600,Male
HAL,0.013,18966,601,Male
BRAIN,0.013,18966,602,Male
ROB,0.013,18966,603,Male
ELWOOD,0.013,18966,604,Male
KENDRICK,0.013,18966,605,Male
DARIUS,0.013,18966,606,Male
MOISES,0.013,18966,607,Male
SON,0.012,17508,608,Male
MARLIN,0.012,17508,609,Male
FIDEL,0.012,17508,610,Male
THADDEUS,0.012,17508,611,Male
CLIFF,0.012,17508,612,Male
MARCEL,0.012,17508,613,Male
ALI,0.012,17508,614,Male
JACKSON,0.012,17508,615,Male
RAPHAEL,0.012,17508,616,Male
BRYON,0.012,17508,617,Male
ARMAND,0.012,17508,618,Male
ALVARO,0.012,17508,619,Male
JEFFRY,0.012,17508,620,Male
DANE,0.012,17508,621,Male
JOESPH,0.012,17508,622,Male
THURMAN,0.012,17508,623,Male
NED,0.012,17508,624,Male
SAMMIE,0.012,17508,625,Male
RUSTY,0.012,17508,626,Male
MICHEL,0.012,17508,627,Male
MONTY,0.012,17508,628,Male
RORY,0.012,17508,629,Male
FABIAN,0.012,17508,630,Male
REGGIE,0.012,17508,631,Male
MASON,0.012,17508,632,Male
GRAHAM,0.012,17508,633,Male
KRIS,0.011,16049,634,Male
ISAIAH,0.011,16049,635,Male
VAUGHN,0.011,16049,636,Male
GUS,0.011,16049,637,Male
AVERY,0.011,16049,638,Male
LOYD,0.011,16049,639,Male
DIEGO,0.011,16049,640,Male
ALEXIS,0.011,16049,641,Male
ADOLPH,0.011,16049,642,Male
NORRIS,0.011,16049,643,Male
MILLARD,0.011,16049,644,Male
ROCCO,0.011,16049,645,Male
GONZALO,0.011,16049,646,Male
DERICK,0.011,16049,647,Male
RODRIGO,0.011,16049,648,Male
GERRY,0.011,16049,649,Male
STACEY,0.011,16049,650,Male
CARMEN,0.011,16049,651,Male
WILEY,0.011,16049,652,Male
RIGOBERTO,0.011,16049,653,Male
ALPHONSO,0.011,16049,654,Male
TY,0.011,16049,655,Male
SHELBY,0.011,16049,656,Male
RICKIE,0.011,16049,657,Male
NOE,0.011,16049,658,Male
VERN,0.01,14590,659,Male
BOBBIE,0.01,14590,660,Male
REED,0.01,14590,661,Male
JEFFERSON,0.01,14590,662,Male
ELVIS,0.01,14590,663,Male
BERNARDO,0.01,14590,664,Male
MAURICIO,0.01,14590,665,Male
HIRAM,0.01,14590,666,Male
DONOVAN,0.01,14590,667,Male
BASIL,0.01,14590,668,Male
RILEY,0.01,14590,669,Male
OLLIE,0.01,14590,670,Male
NICKOLAS,0.01,14590,671,Male
MAYNARD,0.01,14590,672,Male
SCOT,0.01,14590,673,Male
VINCE,0.01,14590,674,Male
QUINCY,0.01,14590,675,Male
EDDY,0.01,14590,676,Male
SEBASTIAN,0.01,14590,677,Male
FEDERICO,0.01,14590,678,Male
ULYSSES,0.01,14590,679,Male
HERIBERTO,0.01,14590,680,Male
DONNELL,0.01,14590,681,Male
COLE,0.01,14590,682,Male
DENNY,0.01,14590,683,Male
DAVIS,0.01,14590,684,Male
GAVIN,0.01,14590,685,Male
EMERY,0.01,14590,686,Male
WARD,0.01,14590,687,Male
ROMEO,0.01,14590,688,Male
JAYSON,0.01,14590,689,Male
DION,0.01,14590,690,Male
DANTE,0.01,14590,691,Male
CLEMENT,0.01,14590,692,Male
COY,0.01,14590,693,Male
ODELL,0.01,14590,694,Male
MAXWELL,0.01,14590,695,Male
JARVIS,0.01,14590,696,Male
BRUNO,0.01,14590,697,Male
ISSAC,0.01,14590,698,Male
MARY,0.009,13131,699,Male
DUDLEY,0.009,13131,700,Male
BROCK,0.009,13131,701,Male
SANFORD,0.009,13131,702,Male
COLBY,0.009,13131,703,Male
CARMELO,0.009,13131,704,Male
BARNEY,0.009,13131,705,Male
NESTOR,0.009,13131,706,Male
HOLLIS,0.009,13131,707,Male
STEFAN,0.009,13131,708,Male
DONNY,0.009,13131,709,Male
ART,0.009,13131,710,Male
LINWOOD,0.009,13131,711,Male
BEAU,0.009,13131,712,Male
WELDON,0.009,13131,713,Male
GALEN,0.009,13131,714,Male
ISIDRO,0.009,13131,715,Male
TRUMAN,0.009,13131,716,Male
DELMAR,0.009,13131,717,Male
JOHNATHON,0.009,13131,718,Male
SILAS,0.009,13131,719,Male
FREDERIC,0.009,13131,720,Male
DICK,0.009,13131,721,Male
KIRBY,0.009,13131,722,Male
IRWIN,0.009,13131,723,Male
CRUZ,0.009,13131,724,Male
MERLIN,0.009,13131,725,Male
MERRILL,0.009,13131,726,Male
CHARLEY,0.009,13131,727,Male
MARCELINO,0.009,13131,728,Male
LANE,0.009,13131,729,Male
HARRIS,0.009,13131,730,Male
CLEO,0.009,13131,731,Male
CARLO,0.009,13131,732,Male
TRENTON,0.009,13131,733,Male
KURTIS,0.009,13131,734,Male
HUNTER,0.009,13131,735,Male
AURELIO,0.009,13131,736,Male
WINFRED,0.009,13131,737,Male
VITO,0.009,13131,738,Male
COLLIN,0.009,13131,739,Male
DENVER,0.009,13131,740,Male
CARTER,0.009,13131,741,Male
LEONEL,0.008,11672,742,Male
EMORY,0.008,11672,743,Male
PASQUALE,0.008,11672,744,Male
MOHAMMAD,0.008,11672,745,Male
MARIANO,0.008,11672,746,Male
DANIAL,0.008,11672,747,Male
BLAIR,0.008,11672,748,Male
LANDON,0.008,11672,749,Male
DIRK,0.008,11672,750,Male
BRANDEN,0.008,11672,751,Male
ADAN,0.008,11672,752,Male
NUMBERS,0.008,11672,753,Male
CLAIR,0.008,11672,754,Male
BUFORD,0.008,11672,755,Male
GERMAN,0.008,11672,756,Male
BERNIE,0.008,11672,757,Male
WILMER,0.008,11672,758,Male
JOAN,0.008,11672,759,Male
EMERSON,0.008,11672,760,Male
ZACHERY,0.008,11672,761,Male
FLETCHER,0.008,11672,762,Male
JACQUES,0.008,11672,763,Male
ERROL,0.008,11672,764,Male
DALTON,0.008,11672,765,Male
MONROE,0.008,11672,766,Male
JOSUE,0.008,11672,767,Male
DOMINIQUE,0.008,11672,768,Male
EDWARDO,0.008,11672,769,Male
BOOKER,0.008,11672,770,Male
WILFORD,0.008,11672,771,Male
SONNY,0.008,11672,772,Male
SHELTON,0.008,11672,773,Male
CARSON,0.008,11672,774,Male
THERON,0.008,11672,775,Male
RAYMUNDO,0.008,11672,776,Male
DAREN,0.008,11672,777,Male
TRISTAN,0.008,11672,778,Male
HOUSTON,0.008,11672,779,Male
ROBBY,0.008,11672,780,Male
LINCOLN,0.008,11672,781,Male
JAME,0.008,11672,782,Male
GENARO,0.008,11672,783,Male
GALE,0.008,11672,784,Male
BENNETT,0.008,11672,785,Male
OCTAVIO,0.008,11672,786,Male
CORNELL,0.008,11672,787,Male
LAVERNE,0.008,11672,788,Male
HUNG,0.008,11672,789,Male
ARRON,0.008,11672,790,Male
ANTONY,0.008,11672,791,Male
HERSCHEL,0.007,10213,792,Male
ALVA,0.007,10213,793,Male
GIOVANNI,0.007,10213,794,Male
GARTH,0.007,10213,795,Male
CYRUS,0.007,10213,796,Male
CYRIL,0.007,10213,797,Male
RONNY,0.007,10213,798,Male
STEVIE,0.007,10213,799,Male
LON,0.007,10213,800,Male
FREEMAN,0.007,10213,801,Male
ERIN,0.007,10213,802,Male
DUNCAN,0.007,10213,803,Male
KENNITH,0.007,10213,804,Male
CARMINE,0.007,10213,805,Male
AUGUSTINE,0.007,10213,806,Male
YOUNG,0.007,10213,807,Male
ERICH,0.007,10213,808,Male
CHADWICK,0.007,10213,809,Male
WILBURN,0.007,10213,810,Male
RUSS,0.007,10213,811,Male
REID,0.007,10213,812,Male
MYLES,0.007,10213,813,Male
ANDERSON,0.007,10213,814,Male
MORTON,0.007,10213,815,Male
JONAS,0.007,10213,816,Male
FOREST,0.007,10213,817,Male
MITCHEL,0.007,10213,818,Male
MERVIN,0.007,10213,819,Male
ZANE,0.007,10213,820,Male
RICH,0.007,10213,821,Male
JAMEL,0.007,10213,822,Male
LAZARO,0.007,10213,823,Male
ALPHONSE,0.007,10213,824,Male
RANDELL,0.007,10213,825,Male
MAJOR,0.007,10213,826,Male
JOHNIE,0.007,10213,827,Male
JARRETT,0.007,10213,828,Male
BROOKS,0.007,10213,829,Male
ARIEL,0.007,10213,830,Male
ABDUL,0.007,10213,831,Male
DUSTY,0.007,10213,832,Male
LUCIANO,0.007,10213,833,Male
LINDSEY,0.007,10213,834,Male
TRACEY,0.007,10213,835,Male
SEYMOUR,0.007,10213,836,Male
SCOTTIE,0.007,10213,837,Male
EUGENIO,0.007,10213,838,Male
MOHAMMED,0.007,10213,839,Male
SANDY,0.007,10213,840,Male
VALENTIN,0.007,10213,841,Male
CHANCE,0.007,10213,842,Male
ARNULFO,0.007,10213,843,Male
LUCIEN,0.007,10213,844,Male
FERDINAND,0.007,10213,845,Male
THAD,0.007,10213,846,Male
EZRA,0.007,10213,847,Male
SYDNEY,0.007,10213,848,Male
ALDO,0.007,10213,849,Male
RUBIN,0.006,8754,850,Male
ROYAL,0.006,8754,851,Male
MITCH,0.006,8754,852,Male
EARLE,0.006,8754,853,Male
ABE,0.006,8754,854,Male
WYATT,0.006,8754,855,Male
MARQUIS,0.006,8754,856,Male
LANNY,0.006,8754,857,Male
KAREEM,0.006,8754,858,Male
JAMAR,0.006,8754,859,Male
BORIS,0.006,8754,860,Male
ISIAH,0.006,8754,861,Male
EMILE,0.006,8754,862,Male
ELMO,0.006,8754,863,Male
ARON,0.006,8754,864,Male
LEOPOLDO,0.006,8754,865,Male
EVERETTE,0.006,8754,866,Male
JOSEF,0.006,8754,867,Male
GAIL,0.006,8754,868,Male
ELOY,0.006,8754,869,Male
DORIAN,0.006,8754,870,Male
RODRICK,0.006,8754,871,Male
REINALDO,0.006,8754,872,Male
LUCIO,0.006,8754,873,Male
JERROD,0.006,8754,874,Male
WESTON,0.006,8754,875,Male
HERSHEL,0.006,8754,876,Male
BARTON,0.006,8754,877,Male
PARKER,0.006,8754,878,Male
LEMUEL,0.006,8754,879,Male
LAVERN,0.006,8754,880,Male
BURT,0.006,8754,881,Male
JULES,0.006,8754,882,Male
GIL,0.006,8754,883,Male
ELISEO,0.006,8754,884,Male
AHMAD,0.006,8754,885,Male
NIGEL,0.006,8754,886,Male
EFREN,0.006,8754,887,Male
ANTWAN,0.006,8754,888,Male
ALDEN,0.006,8754,889,Male
MARGARITO,0.006,8754,890,Male
COLEMAN,0.006,8754,891,Male
REFUGIO,0.006,8754,892,Male
DINO,0.006,8754,893,Male
OSVALDO,0.006,8754,894,Male
LES,0.006,8754,895,Male
DEANDRE,0.006,8754,896,Male
NORMAND,0.006,8754,897,Male
KIETH,0.006,8754,898,Male
IVORY,0.006,8754,899,Male
ANDREA,0.006,8754,900,Male
HAL,0.013,18966,601,Male
BRAIN,0.013,18966,602,Male
ROB,0.013,18966,603,Male
ELWOOD,0.013,18966,604,Male
KENDRICK,0.013,18966,605,Male
DARIUS,0.013,18966,606,Male
MOISES,0.013,18966,607,Male
SON,0.012,17508,608,Male
MARLIN,0.012,17508,609,Male
FIDEL,0.012,17508,610,Male
THADDEUS,0.012,17508,611,Male
CLIFF,0.012,17508,612,Male
MARCEL,0.012,17508,613,Male
ALI,0.012,17508,614,Male
JACKSON,0.012,17508,615,Male
RAPHAEL,0.012,17508,616,Male
BRYON,0.012,17508,617,Male
ARMAND,0.012,17508,618,Male
ALVARO,0.012,17508,619,Male
JEFFRY,0.012,17508,620,Male
DANE,0.012,17508,621,Male
JOESPH,0.012,17508,622,Male
THURMAN,0.012,17508,623,Male
NED,0.012,17508,624,Male
SAMMIE,0.012,17508,625,Male
RUSTY,0.012,17508,626,Male
MICHEL,0.012,17508,627,Male
MONTY,0.012,17508,628,Male
RORY,0.012,17508,629,Male
FABIAN,0.012,17508,630,Male
REGGIE,0.012,17508,631,Male
MASON,0.012,17508,632,Male
GRAHAM,0.012,17508,633,Male
KRIS,0.011,16049,634,Male
ISAIAH,0.011,16049,635,Male
VAUGHN,0.011,16049,636,Male
GUS,0.011,16049,637,Male
AVERY,0.011,16049,638,Male
LOYD,0.011,16049,639,Male
DIEGO,0.011,16049,640,Male
ALEXIS,0.011,16049,641,Male
ADOLPH,0.011,16049,642,Male
NORRIS,0.011,16049,643,Male
MILLARD,0.011,16049,644,Male
ROCCO,0.011,16049,645,Male
GONZALO,0.011,16049,646,Male
DERICK,0.011,16049,647,Male
RODRIGO,0.011,16049,648,Male
GERRY,0.011,16049,649,Male
STACEY,0.011,16049,650,Male
CARMEN,0.011,16049,651,Male
WILEY,0.011,16049,652,Male
RIGOBERTO,0.011,16049,653,Male
ALPHONSO,0.011,16049,654,Male
TY,0.011,16049,655,Male
SHELBY,0.011,16049,656,Male
RICKIE,0.011,16049,657,Male
NOE,0.011,16049,658,Male
VERN,0.01,14590,659,Male
BOBBIE,0.01,14590,660,Male
REED,0.01,14590,661,Male
JEFFERSON,0.01,14590,662,Male
ELVIS,0.01,14590,663,Male
BERNARDO,0.01,14590,664,Male
MAURICIO,0.01,14590,665,Male
HIRAM,0.01,14590,666,Male
DONOVAN,0.01,14590,667,Male
BASIL,0.01,14590,668,Male
RILEY,0.01,14590,669,Male
OLLIE,0.01,14590,670,Male
NICKOLAS,0.01,14590,671,Male
MAYNARD,0.01,14590,672,Male
SCOT,0.01,14590,673,Male
VINCE,0.01,14590,674,Male
QUINCY,0.01,14590,675,Male
EDDY,0.01,14590,676,Male
SEBASTIAN,0.01,14590,677,Male
FEDERICO,0.01,14590,678,Male
ULYSSES,0.01,14590,679,Male
HERIBERTO,0.01,14590,680,Male
DONNELL,0.01,14590,681,Male
COLE,0.01,14590,682,Male
DENNY,0.01,14590,683,Male
DAVIS,0.01,14590,684,Male
GAVIN,0.01,14590,685,Male
EMERY,0.01,14590,686,Male
WARD,0.01,14590,687,Male
ROMEO,0.01,14590,688,Male
JAYSON,0.01,14590,689,Male
DION,0.01,14590,690,Male
DANTE,0.01,14590,691,Male
CLEMENT,0.01,14590,692,Male
COY,0.01,14590,693,Male
ODELL,0.01,14590,694,Male
MAXWELL,0.01,14590,695,Male
JARVIS,0.01,14590,696,Male
BRUNO,0.01,14590,697,Male
ISSAC,0.01,14590,698,Male
MARY,0.009,13131,699,Male
DUDLEY,0.009,13131,700,Male
BROCK,0.009,13131,701,Male
SANFORD,0.009,13131,702,Male
COLBY,0.009,13131,703,Male
CARMELO,0.009,13131,704,Male
BARNEY,0.009,13131,705,Male
NESTOR,0.009,13131,706,Male
HOLLIS,0.009,13131,707,Male
STEFAN,0.009,13131,708,Male
DONNY,0.009,13131,709,Male
ART,0.009,13131,710,Male
LINWOOD,0.009,13131,711,Male
BEAU,0.009,13131,712,Male
WELDON,0.009,13131,713,Male
GALEN,0.009,13131,714,Male
ISIDRO,0.009,13131,715,Male
TRUMAN,0.009,13131,716,Male
DELMAR,0.009,13131,717,Male
JOHNATHON,0.009,13131,718,Male
SILAS,0.009,13131,719,Male
FREDERIC,0.009,13131,720,Male
DICK,0.009,13131,721,Male
KIRBY,0.009,13131,722,Male
IRWIN,0.009,13131,723,Male
CRUZ,0.009,13131,724,Male
MERLIN,0.009,13131,725,Male
MERRILL,0.009,13131,726,Male
CHARLEY,0.009,13131,727,Male
MARCELINO,0.009,13131,728,Male
LANE,0.009,13131,729,Male
HARRIS,0.009,13131,730,Male
CLEO,0.009,13131,731,Male
CARLO,0.009,13131,732,Male
TRENTON,0.009,13131,733,Male
KURTIS,0.009,13131,734,Male
HUNTER,0.009,13131,735,Male
AURELIO,0.009,13131,736,Male
WINFRED,0.009,13131,737,Male
VITO,0.009,13131,738,Male
COLLIN,0.009,13131,739,Male
DENVER,0.009,13131,740,Male
CARTER,0.009,13131,741,Male
LEONEL,0.008,11672,742,Male
EMORY,0.008,11672,743,Male
PASQUALE,0.008,11672,744,Male
MOHAMMAD,0.008,11672,745,Male
MARIANO,0.008,11672,746,Male
DANIAL,0.008,11672,747,Male
BLAIR,0.008,11672,748,Male
LANDON,0.008,11672,749,Male
DIRK,0.008,11672,750,Male
BRANDEN,0.008,11672,751,Male
ADAN,0.008,11672,752,Male
NUMBERS,0.008,11672,753,Male
CLAIR,0.008,11672,754,Male
BUFORD,0.008,11672,755,Male
GERMAN,0.008,11672,756,Male
BERNIE,0.008,11672,757,Male
WILMER,0.008,11672,758,Male
JOAN,0.008,11672,759,Male
EMERSON,0.008,11672,760,Male
ZACHERY,0.008,11672,761,Male
FLETCHER,0.008,11672,762,Male
JACQUES,0.008,11672,763,Male
ERROL,0.008,11672,764,Male
DALTON,0.008,11672,765,Male
MONROE,0.008,11672,766,Male
JOSUE,0.008,11672,767,Male
DOMINIQUE,0.008,11672,768,Male
EDWARDO,0.008,11672,769,Male
BOOKER,0.008,11672,770,Male
WILFORD,0.008,11672,771,Male
SONNY,0.008,11672,772,Male
SHELTON,0.008,11672,773,Male
CARSON,0.008,11672,774,Male
THERON,0.008,11672,775,Male
RAYMUNDO,0.008,11672,776,Male
DAREN,0.008,11672,777,Male
TRISTAN,0.008,11672,778,Male
HOUSTON,0.008,11672,779,Male
ROBBY,0.008,11672,780,Male
LINCOLN,0.008,11672,781,Male
JAME,0.008,11672,782,Male
GENARO,0.008,11672,783,Male
GALE,0.008,11672,784,Male
BENNETT,0.008,11672,785,Male
OCTAVIO,0.008,11672,786,Male
CORNELL,0.008,11672,787,Male
LAVERNE,0.008,11672,788,Male
HUNG,0.008,11672,789,Male
ARRON,0.008,11672,790,Male
ANTONY,0.008,11672,791,Male
HERSCHEL,0.007,10213,792,Male
ALVA,0.007,10213,793,Male
GIOVANNI,0.007,10213,794,Male
GARTH,0.007,10213,795,Male
CYRUS,0.007,10213,796,Male
CYRIL,0.007,10213,797,Male
RONNY,0.007,10213,798,Male
STEVIE,0.007,10213,799,Male
LON,0.007,10213,800,Male
FREEMAN,0.007,10213,801,Male
ERIN,0.007,10213,802,Male
DUNCAN,0.007,10213,803,Male
KENNITH,0.007,10213,804,Male
CARMINE,0.007,10213,805,Male
AUGUSTINE,0.007,10213,806,Male
YOUNG,0.007,10213,807,Male
ERICH,0.007,10213,808,Male
CHADWICK,0.007,10213,809,Male
WILBURN,0.007,10213,810,Male
RUSS,0.007,10213,811,Male
REID,0.007,10213,812,Male
MYLES,0.007,10213,813,Male
ANDERSON,0.007,10213,814,Male
MORTON,0.007,10213,815,Male
JONAS,0.007,10213,816,Male
FOREST,0.007,10213,817,Male
MITCHEL,0.007,10213,818,Male
MERVIN,0.007,10213,819,Male
ZANE,0.007,10213,820,Male
RICH,0.007,10213,821,Male
JAMEL,0.007,10213,822,Male
LAZARO,0.007,10213,823,Male
ALPHONSE,0.007,10213,824,Male
RANDELL,0.007,10213,825,Male
MAJOR,0.007,10213,826,Male
JOHNIE,0.007,10213,827,Male
JARRETT,0.007,10213,828,Male
BROOKS,0.007,10213,829,Male
ARIEL,0.007,10213,830,Male
ABDUL,0.007,10213,831,Male
DUSTY,0.007,10213,832,Male
LUCIANO,0.007,10213,833,Male
LINDSEY,0.007,10213,834,Male
TRACEY,0.007,10213,835,Male
SEYMOUR,0.007,10213,836,Male
SCOTTIE,0.007,10213,837,Male
EUGENIO,0.007,10213,838,Male
MOHAMMED,0.007,10213,839,Male
SANDY,0.007,10213,840,Male
VALENTIN,0.007,10213,841,Male
CHANCE,0.007,10213,842,Male
ARNULFO,0.007,10213,843,Male
LUCIEN,0.007,10213,844,Male
FERDINAND,0.007,10213,845,Male
THAD,0.007,10213,846,Male
EZRA,0.007,10213,847,Male
SYDNEY,0.007,10213,848,Male
ALDO,0.007,10213,849,Male
RUBIN,0.006,8754,850,Male
ROYAL,0.006,8754,851,Male
MITCH,0.006,8754,852,Male
EARLE,0.006,8754,853,Male
ABE,0.006,8754,854,Male
WYATT,0.006,8754,855,Male
MARQUIS,0.006,8754,856,Male
LANNY,0.006,8754,857,Male
KAREEM,0.006,8754,858,Male
JAMAR,0.006,8754,859,Male
BORIS,0.006,8754,860,Male
ISIAH,0.006,8754,861,Male
EMILE,0.006,8754,862,Male
ELMO,0.006,8754,863,Male
ARON,0.006,8754,864,Male
LEOPOLDO,0.006,8754,865,Male
EVERETTE,0.006,8754,866,Male
JOSEF,0.006,8754,867,Male
GAIL,0.006,8754,868,Male
ELOY,0.006,8754,869,Male
DORIAN,0.006,8754,870,Male
RODRICK,0.006,8754,871,Male
REINALDO,0.006,8754,872,Male
LUCIO,0.006,8754,873,Male
JERROD,0.006,8754,874,Male
WESTON,0.006,8754,875,Male
HERSHEL,0.006,8754,876,Male
BARTON,0.006,8754,877,Male
PARKER,0.006,8754,878,Male
LEMUEL,0.006,8754,879,Male
LAVERN,0.006,8754,880,Male
BURT,0.006,8754,881,Male
JULES,0.006,8754,882,Male
GIL,0.006,8754,883,Male
ELISEO,0.006,8754,884,Male
AHMAD,0.006,8754,885,Male
NIGEL,0.006,8754,886,Male
EFREN,0.006,8754,887,Male
ANTWAN,0.006,8754,888,Male
ALDEN,0.006,8754,889,Male
MARGARITO,0.006,8754,890,Male
COLEMAN,0.006,8754,891,Male
REFUGIO,0.006,8754,892,Male
DINO,0.006,8754,893,Male
OSVALDO,0.006,8754,894,Male
LES,0.006,8754,895,Male
DEANDRE,0.006,8754,896,Male
NORMAND,0.006,8754,897,Male
KIETH,0.006,8754,898,Male
IVORY,0.006,8754,899,Male
ANDREA,0.006,8754,900,Male
MARY,2.629,3991060,1,Female
PATRICIA,1.073,1628911,2,Female
LINDA,1.035,1571224,3,Female
BARBARA,0.98,1487729,4,Female
ELIZABETH,0.937,1422451,5,Female
JENNIFER,0.932,1414861,6,Female
MARIA,0.828,1256979,7,Female
SUSAN,0.794,1205364,8,Female
MARGARET,0.768,1165894,9,Female
DOROTHY,0.727,1103652,10,Female
LISA,0.704,1068736,11,Female
NANCY,0.669,1015603,12,Female
KAREN,0.667,1012567,13,Female
BETTY,0.666,1011048,14,Female
HELEN,0.663,1006494,15,Female
SANDRA,0.629,954879,16,Female
DONNA,0.583,885047,17,Female
CAROL,0.565,857721,18,Female
RUTH,0.562,853167,19,Female
SHARON,0.522,792443,20,Female
MICHELLE,0.519,787889,21,Female
LAURA,0.51,774226,22,Female
SARAH,0.508,771190,23,Female
KIMBERLY,0.504,765118,24,Female
DEBORAH,0.494,749937,25,Female
JESSICA,0.49,743864,26,Female
SHIRLEY,0.482,731720,27,Female
CYNTHIA,0.469,711985,28,Female
ANGELA,0.468,710466,29,Female
MELISSA,0.462,701358,30,Female
BRENDA,0.455,690731,31,Female
AMY,0.451,684659,32,Female
ANNA,0.44,667960,33,Female
REBECCA,0.43,652779,34,Female
VIRGINIA,0.43,652779,35,Female
KATHLEEN,0.424,643670,36,Female
PAMELA,0.416,631526,37,Female
MARTHA,0.412,625453,38,Female
DEBRA,0.408,619381,39,Female
AMANDA,0.404,613309,40,Female
STEPHANIE,0.4,607236,41,Female
CAROLYN,0.385,584465,42,Female
CHRISTINE,0.382,579911,43,Female
MARIE,0.379,575356,44,Female
JANET,0.379,575356,45,Female
CATHERINE,0.373,566248,46,Female
FRANCES,0.37,561694,47,Female
ANN,0.364,552585,48,Female
JOYCE,0.364,552585,49,Female
DIANE,0.359,544995,50,Female
ALICE,0.357,541958,51,Female
JULIE,0.348,528296,52,Female
HEATHER,0.337,511597,53,Female
TERESA,0.336,510078,54,Female
DORIS,0.335,508560,55,Female
GLORIA,0.335,508560,56,Female
EVELYN,0.322,488825,57,Female
JEAN,0.315,478199,58,Female
CHERYL,0.315,478199,59,Female
MILDRED,0.313,475162,60,Female
KATHERINE,0.313,475162,61,Female
JOAN,0.306,464536,62,Female
ASHLEY,0.303,459981,63,Female
JUDITH,0.297,450873,64,Female
ROSE,0.296,449355,65,Female
JANICE,0.285,432656,66,Female
KELLY,0.283,429620,67,Female
NICOLE,0.281,426583,68,Female
JUDY,0.276,418993,69,Female
CHRISTINA,0.275,417475,70,Female
KATHY,0.272,412921,71,Female
THERESA,0.271,411403,72,Female
BEVERLY,0.267,405330,73,Female
DENISE,0.264,400776,74,Female
TAMMY,0.259,393185,75,Female
IRENE,0.252,382559,76,Female
JANE,0.25,379523,77,Female
LORI,0.248,376486,78,Female
RACHEL,0.242,367378,79,Female
MARILYN,0.241,365860,80,Female
ANDREA,0.236,358269,81,Female
KATHRYN,0.234,355233,82,Female
LOUISE,0.229,347643,83,Female
SARA,0.229,347643,84,Female
ANNE,0.228,346125,85,Female
JACQUELINE,0.228,346125,86,Female
WANDA,0.226,343089,87,Female
BONNIE,0.223,338534,88,Female
JULIA,0.223,338534,89,Female
RUBY,0.221,335498,90,Female
LOIS,0.22,333980,91,Female
TINA,0.22,333980,92,Female
PHYLLIS,0.219,332462,93,Female
NORMA,0.218,330944,94,Female
PAULA,0.217,329426,95,Female
DIANA,0.216,327908,96,Female
ANNIE,0.216,327908,97,Female
LILLIAN,0.211,320317,98,Female
EMILY,0.208,315763,99,Female
ROBIN,0.208,315763,100,Female
PEGGY,0.208,315763,101,Female
CRYSTAL,0.207,314245,102,Female
GLADYS,0.205,311209,103,Female
RITA,0.204,309691,104,Female
DAWN,0.202,306654,105,Female
CONNIE,0.2,303618,106,Female
FLORENCE,0.2,303618,107,Female
TRACY,0.197,299064,108,Female
EDNA,0.197,299064,109,Female
TIFFANY,0.195,296028,110,Female
CARMEN,0.195,296028,111,Female
ROSA,0.194,294510,112,Female
CINDY,0.192,291473,113,Female
GRACE,0.189,286919,114,Female
WENDY,0.185,280847,115,Female
VICTORIA,0.18,273256,116,Female
EDITH,0.179,271738,117,Female
KIM,0.178,270220,118,Female
SHERRY,0.178,270220,119,Female
SYLVIA,0.177,268702,120,Female
JOSEPHINE,0.177,268702,121,Female
THELMA,0.175,265666,122,Female
SHANNON,0.175,265666,123,Female
SHEILA,0.175,265666,124,Female
ETHEL,0.174,264148,125,Female
ELLEN,0.173,262630,126,Female
ELAINE,0.173,262630,127,Female
MARJORIE,0.173,262630,128,Female
CARRIE,0.171,259594,129,Female
CHARLOTTE,0.169,256557,130,Female
MONICA,0.166,252003,131,Female
ESTHER,0.166,252003,132,Female
PAULINE,0.165,250485,133,Female
EMMA,0.165,250485,134,Female
JUANITA,0.164,248967,135,Female
ANITA,0.162,245931,136,Female
RHONDA,0.162,245931,137,Female
HAZEL,0.161,244413,138,Female
AMBER,0.16,242895,139,Female
EVA,0.159,241376,140,Female
DEBBIE,0.157,238340,141,Female
APRIL,0.154,233786,142,Female
LESLIE,0.154,233786,143,Female
CLARA,0.153,232268,144,Female
LUCILLE,0.153,232268,145,Female
JAMIE,0.153,232268,146,Female
JOANNE,0.15,227714,147,Female
ELEANOR,0.15,227714,148,Female
VALERIE,0.149,226196,149,Female
DANIELLE,0.149,226196,150,Female
MEGAN,0.147,223159,151,Female
ALICIA,0.146,221641,152,Female
SUZANNE,0.145,220123,153,Female
MICHELE,0.145,220123,154,Female
GAIL,0.145,220123,155,Female
BERTHA,0.143,217087,156,Female
DARLENE,0.142,215569,157,Female
VERONICA,0.142,215569,158,Female
JILL,0.142,215569,159,Female
ERIN,0.141,214051,160,Female
GERALDINE,0.141,214051,161,Female
LAUREN,0.137,207978,162,Female
CATHY,0.137,207978,163,Female
JOANN,0.136,206460,164,Female
LORRAINE,0.135,204942,165,Female
LYNN,0.135,204942,166,Female
SALLY,0.135,204942,167,Female
REGINA,0.133,201906,168,Female
ERICA,0.13,197352,169,Female
BEATRICE,0.13,197352,170,Female
DOLORES,0.129,195834,171,Female
BERNICE,0.128,194316,172,Female
AUDREY,0.127,192798,173,Female
YVONNE,0.126,191279,174,Female
ANNETTE,0.125,189761,175,Female
JUNE,0.125,189761,176,Female
SAMANTHA,0.124,188243,177,Female
MARION,0.122,185207,178,Female
DANA,0.122,185207,179,Female
STACY,0.121,183689,180,Female
ANA,0.12,182171,181,Female
RENEE,0.12,182171,182,Female
IDA,0.118,179135,183,Female
VIVIAN,0.118,179135,184,Female
ROBERTA,0.117,177617,185,Female
HOLLY,0.117,177617,186,Female
BRITTANY,0.117,177617,187,Female
MELANIE,0.116,176099,188,Female
LORETTA,0.115,174580,189,Female
YOLANDA,0.115,174580,190,Female
JEANETTE,0.115,174580,191,Female
LAURIE,0.114,173062,192,Female
KATIE,0.113,171544,193,Female
KRISTEN,0.111,168508,194,Female
VANESSA,0.111,168508,195,Female
ALMA,0.111,168508,196,Female
SUE,0.111,168508,197,Female
ELSIE,0.11,166990,198,Female
BETH,0.11,166990,199,Female
JEANNE,0.109,165472,200,Female
VICKI,0.109,165472,201,Female
CARLA,0.107,162436,202,Female
TARA,0.107,162436,203,Female
ROSEMARY,0.107,162436,204,Female
EILEEN,0.105,159400,205,Female
TERRI,0.105,159400,206,Female
GERTRUDE,0.103,156363,207,Female
LUCY,0.103,156363,208,Female
TONYA,0.102,154845,209,Female
ELLA,0.101,153327,210,Female
STACEY,0.101,153327,211,Female
WILMA,0.099,150291,212,Female
GINA,0.099,150291,213,Female
KRISTIN,0.099,150291,214,Female
JESSIE,0.098,148773,215,Female
NATALIE,0.098,148773,216,Female
AGNES,0.098,148773,217,Female
VERA,0.098,148773,218,Female
WILLIE,0.097,147255,219,Female
CHARLENE,0.097,147255,220,Female
BESSIE,0.096,145737,221,Female
DELORES,0.095,144219,222,Female
MELINDA,0.094,142701,223,Female
PEARL,0.094,142701,224,Female
ARLENE,0.094,142701,225,Female
MAUREEN,0.092,139664,226,Female
COLLEEN,0.092,139664,227,Female
ALLISON,0.092,139664,228,Female
TAMARA,0.092,139664,229,Female
JOY,0.091,138146,230,Female
GEORGIA,0.091,138146,231,Female
CONSTANCE,0.091,138146,232,Female
LILLIE,0.09,136628,233,Female
CLAUDIA,0.09,136628,234,Female
JACKIE,0.09,136628,235,Female
MARCIA,0.09,136628,236,Female
TANYA,0.089,135110,237,Female
NELLIE,0.089,135110,238,Female
MINNIE,0.089,135110,239,Female
MARLENE,0.088,133592,240,Female
HEIDI,0.088,133592,241,Female
GLENDA,0.088,133592,242,Female
LYDIA,0.086,130556,243,Female
VIOLA,0.086,130556,244,Female
COURTNEY,0.086,130556,245,Female
MARIAN,0.086,130556,246,Female
STELLA,0.085,129038,247,Female
CAROLINE,0.085,129038,248,Female
DORA,0.084,127520,249,Female
JO,0.083,126002,250,Female
VICKIE,0.082,124483,251,Female
MATTIE,0.081,122965,252,Female
TERRY,0.08,121447,253,Female
MAXINE,0.079,119929,254,Female
IRMA,0.079,119929,255,Female
MABEL,0.078,118411,256,Female
MARSHA,0.078,118411,257,Female
MYRTLE,0.078,118411,258,Female
LENA,0.077,116893,259,Female
CHRISTY,0.077,116893,260,Female
DEANNA,0.076,115375,261,Female
PATSY,0.076,115375,262,Female
HILDA,0.075,113857,263,Female
GWENDOLYN,0.074,112339,264,Female
JENNIE,0.073,110821,265,Female
NORA,0.073,110821,266,Female
MARGIE,0.072,109303,267,Female
NINA,0.072,109303,268,Female
CASSANDRA,0.072,109303,269,Female
LEAH,0.072,109303,270,Female
PENNY,0.071,107784,271,Female
KAY,0.071,107784,272,Female
PRISCILLA,0.071,107784,273,Female
NAOMI,0.071,107784,274,Female
CAROLE,0.071,107784,275,Female
BRANDY,0.07,106266,276,Female
OLGA,0.07,106266,277,Female
BILLIE,0.069,104748,278,Female
DIANNE,0.069,104748,279,Female
TRACEY,0.069,104748,280,Female
LEONA,0.069,104748,281,Female
JENNY,0.068,103230,282,Female
FELICIA,0.068,103230,283,Female
SONIA,0.068,103230,284,Female
MIRIAM,0.066,100194,285,Female
VELMA,0.066,100194,286,Female
BECKY,0.066,100194,287,Female
BOBBIE,0.065,98676,288,Female
VIOLET,0.065,98676,289,Female
KRISTINA,0.065,98676,290,Female
TONI,0.064,97158,291,Female
MISTY,0.063,95640,292,Female
MAE,0.063,95640,293,Female
SHELLY,0.062,94122,294,Female
DAISY,0.062,94122,295,Female
RAMONA,0.062,94122,296,Female
SHERRI,0.062,94122,297,Female
ERIKA,0.061,92604,298,Female
KATRINA,0.061,92604,299,Female
CLAIRE,0.061,92604,300,Female
LINDSEY,0.06,91085,301,Female
LINDSAY,0.06,91085,302,Female
GENEVA,0.059,89567,303,Female
GUADALUPE,0.059,89567,304,Female
BELINDA,0.059,89567,305,Female
MARGARITA,0.059,89567,306,Female
SHERYL,0.059,89567,307,Female
CORA,0.058,88049,308,Female
FAYE,0.058,88049,309,Female
ADA,0.057,86531,310,Female
NATASHA,0.057,86531,311,Female
SABRINA,0.057,86531,312,Female
ISABEL,0.057,86531,313,Female
MARGUERITE,0.056,85013,314,Female
HATTIE,0.056,85013,315,Female
HARRIET,0.056,85013,316,Female
MOLLY,0.055,83495,317,Female
CECILIA,0.055,83495,318,Female
KRISTI,0.055,83495,319,Female
BRANDI,0.055,83495,320,Female
BLANCHE,0.055,83495,321,Female
SANDY,0.055,83495,322,Female
ROSIE,0.055,83495,323,Female
JOANNA,0.055,83495,324,Female
IRIS,0.055,83495,325,Female
EUNICE,0.054,81977,326,Female
ANGIE,0.054,81977,327,Female
INEZ,0.053,80459,328,Female
LYNDA,0.053,80459,329,Female
MADELINE,0.052,78941,330,Female
AMELIA,0.052,78941,331,Female
ALBERTA,0.052,78941,332,Female
GENEVIEVE,0.051,77423,333,Female
MONIQUE,0.051,77423,334,Female
JODI,0.051,77423,335,Female
JANIE,0.051,77423,336,Female
MAGGIE,0.051,77423,337,Female
KAYLA,0.051,77423,338,Female
SONYA,0.051,77423,339,Female
JAN,0.051,77423,340,Female
LEE,0.051,77423,341,Female
KRISTINE,0.051,77423,342,Female
CANDACE,0.051,77423,343,Female
FANNIE,0.05,75905,344,Female
MARYANN,0.05,75905,345,Female
OPAL,0.05,75905,346,Female
ALISON,0.05,75905,347,Female
YVETTE,0.05,75905,348,Female
MELODY,0.05,75905,349,Female
LUZ,0.049,74386,350,Female
SUSIE,0.049,74386,351,Female
OLIVIA,0.049,74386,352,Female
FLORA,0.049,74386,353,Female
SHELLEY,0.049,74386,354,Female
KRISTY,0.048,72868,355,Female
MAMIE,0.048,72868,356,Female
LULA,0.048,72868,357,Female
LOLA,0.048,72868,358,Female
VERNA,0.048,72868,359,Female
BEULAH,0.048,72868,360,Female
ANTOINETTE,0.048,72868,361,Female
CANDICE,0.046,69832,362,Female
JUANA,0.046,69832,363,Female
JEANNETTE,0.046,69832,364,Female
PAM,0.046,69832,365,Female
KELLI,0.046,69832,366,Female
HANNAH,0.045,68314,367,Female
WHITNEY,0.045,68314,368,Female
BRIDGET,0.045,68314,369,Female
KARLA,0.044,66796,370,Female
CELIA,0.044,66796,371,Female
LATOYA,0.043,65278,372,Female
PATTY,0.043,65278,373,Female
SHELIA,0.043,65278,374,Female
GAYLE,0.043,65278,375,Female
DELLA,0.043,65278,376,Female
VICKY,0.043,65278,377,Female
LYNNE,0.043,65278,378,Female
SHERI,0.042,63760,379,Female
MARIANNE,0.042,63760,380,Female
KARA,0.041,62242,381,Female
JACQUELYN,0.041,62242,382,Female
ERMA,0.041,62242,383,Female
BLANCA,0.041,62242,384,Female
MYRA,0.04,60724,385,Female
LETICIA,0.04,60724,386,Female
PAT,0.04,60724,387,Female
KRISTA,0.04,60724,388,Female
ROXANNE,0.04,60724,389,Female
ANGELICA,0.039,59206,390,Female
JOHNNIE,0.039,59206,391,Female
ROBYN,0.039,59206,392,Female
FRANCIS,0.039,59206,393,Female
ADRIENNE,0.039,59206,394,Female
ROSALIE,0.039,59206,395,Female
ALEXANDRA,0.039,59206,396,Female
BROOKE,0.039,59206,397,Female
BETHANY,0.039,59206,398,Female
SADIE,0.039,59206,399,Female
BERNADETTE,0.039,59206,400,Female
TRACI,0.038,57687,401,Female
JODY,0.038,57687,402,Female
KENDRA,0.038,57687,403,Female
JASMINE,0.038,57687,404,Female
NICHOLE,0.038,57687,405,Female
RACHAEL,0.038,57687,406,Female
CHELSEA,0.038,57687,407,Female
MABLE,0.038,57687,408,Female
ERNESTINE,0.038,57687,409,Female
MURIEL,0.038,57687,410,Female
MARCELLA,0.037,56169,411,Female
ELENA,0.037,56169,412,Female
KRYSTAL,0.037,56169,413,Female
ANGELINA,0.037,56169,414,Female
NADINE,0.036,54651,415,Female
KARI,0.036,54651,416,Female
ESTELLE,0.036,54651,417,Female
DIANNA,0.036,54651,418,Female
PAULETTE,0.036,54651,419,Female
LORA,0.036,54651,420,Female
MONA,0.035,53133,421,Female
DOREEN,0.035,53133,422,Female
ROSEMARIE,0.035,53133,423,Female
ANGEL,0.035,53133,424,Female
DESIREE,0.035,53133,425,Female
ANTONIA,0.035,53133,426,Female
HOPE,0.034,51615,427,Female
GINGER,0.034,51615,428,Female
JANIS,0.034,51615,429,Female
BETSY,0.034,51615,430,Female
CHRISTIE,0.034,51615,431,Female
FREDA,0.034,51615,432,Female
MERCEDES,0.033,50097,433,Female
MEREDITH,0.033,50097,434,Female
LYNETTE,0.033,50097,435,Female
TERI,0.033,50097,436,Female
CRISTINA,0.033,50097,437,Female
EULA,0.033,50097,438,Female
LEIGH,0.032,48579,439,Female
MEGHAN,0.032,48579,440,Female
SOPHIA,0.032,48579,441,Female
ELOISE,0.032,48579,442,Female
ROCHELLE,0.032,48579,443,Female
GRETCHEN,0.032,48579,444,Female
CECELIA,0.032,48579,445,Female
RAQUEL,0.031,47061,446,Female
HENRIETTA,0.031,47061,447,Female
ALYSSA,0.031,47061,448,Female
JANA,0.031,47061,449,Female
KELLEY,0.031,47061,450,Female
GWEN,0.031,47061,451,Female
KERRY,0.031,47061,452,Female
JENNA,0.03,45543,453,Female
TRICIA,0.03,45543,454,Female
LAVERNE,0.03,45543,455,Female
OLIVE,0.03,45543,456,Female
ALEXIS,0.03,45543,457,Female
TASHA,0.03,45543,458,Female
SILVIA,0.029,44025,459,Female
ELVIRA,0.029,44025,460,Female
CASEY,0.029,44025,461,Female
DELIA,0.029,44025,462,Female
SOPHIE,0.029,44025,463,Female
KATE,0.029,44025,464,Female
PATTI,0.029,44025,465,Female
LORENA,0.029,44025,466,Female
KELLIE,0.029,44025,467,Female
SONJA,0.029,44025,468,Female
LILA,0.029,44025,469,Female
LANA,0.029,44025,470,Female
DARLA,0.029,44025,471,Female
MAY,0.029,44025,472,Female
MINDY,0.029,44025,473,Female
ESSIE,0.029,44025,474,Female
MANDY,0.029,44025,475,Female
LORENE,0.028,42507,476,Female
ELSA,0.028,42507,477,Female
JOSEFINA,0.028,42507,478,Female
JEANNIE,0.028,42507,479,Female
MIRANDA,0.028,42507,480,Female
DIXIE,0.028,42507,481,Female
LUCIA,0.028,42507,482,Female
MARTA,0.028,42507,483,Female
FAITH,0.028,42507,484,Female
LELA,0.028,42507,485,Female
JOHANNA,0.028,42507,486,Female
SHARI,0.028,42507,487,Female
CAMILLE,0.028,42507,488,Female
TAMI,0.027,40988,489,Female
SHAWNA,0.027,40988,490,Female
ELISA,0.027,40988,491,Female
EBONY,0.027,40988,492,Female
MELBA,0.027,40988,493,Female
ORA,0.027,40988,494,Female
NETTIE,0.027,40988,495,Female
TABITHA,0.027,40988,496,Female
OLLIE,0.027,40988,497,Female
JAIME,0.027,40988,498,Female
WINIFRED,0.027,40988,499,Female
KRISTIE,0.027,40988,500,Female
MARINA,0.027,40988,501,Female
ALISHA,0.027,40988,502,Female
AIMEE,0.027,40988,503,Female
RENA,0.027,40988,504,Female
MYRNA,0.026,39470,505,Female
MARLA,0.026,39470,506,Female
TAMMIE,0.026,39470,507,Female
LATASHA,0.026,39470,508,Female
BONITA,0.026,39470,509,Female
PATRICE,0.026,39470,510,Female
RONDA,0.026,39470,511,Female
SHERRIE,0.026,39470,512,Female
ADDIE,0.026,39470,513,Female
FRANCINE,0.025,37952,514,Female
DELORIS,0.025,37952,515,Female
STACIE,0.025,37952,516,Female
ADRIANA,0.025,37952,517,Female
CHERI,0.025,37952,518,Female
SHELBY,0.025,37952,519,Female
ABIGAIL,0.025,37952,520,Female
CELESTE,0.025,37952,521,Female
JEWEL,0.025,37952,522,Female
CARA,0.025,37952,523,Female
ADELE,0.025,37952,524,Female
REBEKAH,0.025,37952,525,Female
LUCINDA,0.025,37952,526,Female
DORTHY,0.025,37952,527,Female
CHRIS,0.024,36434,528,Female
EFFIE,0.024,36434,529,Female
TRINA,0.024,36434,530,Female
REBA,0.024,36434,531,Female
SHAWN,0.024,36434,532,Female
SALLIE,0.024,36434,533,Female
AURORA,0.024,36434,534,Female
LENORA,0.024,36434,535,Female
ETTA,0.024,36434,536,Female
LOTTIE,0.024,36434,537,Female
KERRI,0.024,36434,538,Female
TRISHA,0.024,36434,539,Female
NIKKI,0.024,36434,540,Female
ESTELLA,0.024,36434,541,Female
FRANCISCA,0.024,36434,542,Female
JOSIE,0.024,36434,543,Female
TRACIE,0.024,36434,544,Female
MARISSA,0.024,36434,545,Female
KARIN,0.024,36434,546,Female
BRITTNEY,0.024,36434,547,Female
JANELLE,0.024,36434,548,Female
LOURDES,0.024,36434,549,Female
LAUREL,0.024,36434,550,Female
HELENE,0.024,36434,551,Female
FERN,0.024,36434,552,Female
ELVA,0.024,36434,553,Female
CORINNE,0.024,36434,554,Female
KELSEY,0.024,36434,555,Female
INA,0.023,34916,556,Female
BETTIE,0.023,34916,557,Female
ELISABETH,0.023,34916,558,Female
AIDA,0.023,34916,559,Female
CAITLIN,0.023,34916,560,Female
INGRID,0.023,34916,561,Female
IVA,0.023,34916,562,Female
EUGENIA,0.023,34916,563,Female
CHRISTA,0.023,34916,564,Female
GOLDIE,0.023,34916,565,Female
CASSIE,0.023,34916,566,Female
MAUDE,0.023,34916,567,Female
JENIFER,0.023,34916,568,Female
THERESE,0.022,33398,569,Female
FRANKIE,0.022,33398,570,Female
DENA,0.022,33398,571,Female
LORNA,0.022,33398,572,Female
JANETTE,0.022,33398,573,Female
LATONYA,0.022,33398,574,Female
CANDY,0.022,33398,575,Female
MORGAN,0.022,33398,576,Female
CONSUELO,0.022,33398,577,Female
TAMIKA,0.022,33398,578,Female
ROSETTA,0.022,33398,579,Female
DEBORA,0.022,33398,580,Female
CHERIE,0.022,33398,581,Female
POLLY,0.022,33398,582,Female
DINA,0.022,33398,583,Female
JEWELL,0.021,31880,584,Female
FAY,0.021,31880,585,Female
JILLIAN,0.021,31880,586,Female
DOROTHEA,0.021,31880,587,Female
NELL,0.021,31880,588,Female
TRUDY,0.021,31880,589,Female
ESPERANZA,0.021,31880,590,Female
PATRICA,0.021,31880,591,Female
KIMBERLEY,0.021,31880,592,Female
SHANNA,0.021,31880,593,Female
HELENA,0.021,31880,594,Female
CAROLINA,0.021,31880,595,Female
CLEO,0.021,31880,596,Female
STEFANIE,0.021,31880,597,Female
ROSARIO,0.02,30362,598,Female
OLA,0.02,30362,599,Female
JANINE,0.02,30362,600,Female
MOLLIE,0.02,30362,601,Female
LUPE,0.02,30362,602,Female
ALISA,0.02,30362,603,Female
LOU,0.02,30362,604,Female
MARIBEL,0.02,30362,605,Female
SUSANNE,0.02,30362,606,Female
BETTE,0.019,28844,607,Female
SUSANA,0.019,28844,608,Female
ELISE,0.019,28844,609,Female
CECILE,0.019,28844,610,Female
ISABELLE,0.019,28844,611,Female
LESLEY,0.019,28844,612,Female
JOCELYN,0.019,28844,613,Female
PAIGE,0.019,28844,614,Female
JONI,0.019,28844,615,Female
RACHELLE,0.019,28844,616,Female
LEOLA,0.019,28844,617,Female
DAPHNE,0.019,28844,618,Female
ALTA,0.019,28844,619,Female
ESTER,0.019,28844,620,Female
PETRA,0.019,28844,621,Female
GRACIELA,0.019,28844,622,Female
IMOGENE,0.019,28844,623,Female
JOLENE,0.019,28844,624,Female
KEISHA,0.019,28844,625,Female
LACEY,0.018,27326,626,Female
GLENNA,0.018,27326,627,Female
GABRIELA,0.018,27326,628,Female
KERI,0.018,27326,629,Female
URSULA,0.018,27326,630,Female
LIZZIE,0.018,27326,631,Female
KIRSTEN,0.018,27326,632,Female
SHANA,0.018,27326,633,Female
ADELINE,0.018,27326,634,Female
MAYRA,0.018,27326,635,Female
JAYNE,0.018,27326,636,Female
JACLYN,0.018,27326,637,Female
GRACIE,0.018,27326,638,Female
SONDRA,0.018,27326,639,Female
CARMELA,0.018,27326,640,Female
MARISA,0.018,27326,641,Female
ROSALIND,0.018,27326,642,Female
CHARITY,0.018,27326,643,Female
TONIA,0.018,27326,644,Female
BEATRIZ,0.018,27326,645,Female
MARISOL,0.018,27326,646,Female
CLARICE,0.018,27326,647,Female
JEANINE,0.017,25808,648,Female
SHEENA,0.017,25808,649,Female
ANGELINE,0.017,25808,650,Female
FRIEDA,0.017,25808,651,Female
LILY,0.017,25808,652,Female
ROBBIE,0.017,25808,653,Female
SHAUNA,0.017,25808,654,Female
MILLIE,0.017,25808,655,Female
CLAUDETTE,0.017,25808,656,Female
CATHLEEN,0.017,25808,657,Female
ANGELIA,0.017,25808,658,Female
GABRIELLE,0.017,25808,659,Female
AUTUMN,0.017,25808,660,Female
KATHARINE,0.017,25808,661,Female
SUMMER,0.017,25808,662,Female
JODIE,0.017,25808,663,Female
STACI,0.017,25808,664,Female
LEA,0.017,25808,665,Female
CHRISTI,0.017,25808,666,Female
JIMMIE,0.017,25808,667,Female
JUSTINE,0.017,25808,668,Female
ELMA,0.017,25808,669,Female
LUELLA,0.017,25808,670,Female
MARGRET,0.017,25808,671,Female
DOMINIQUE,0.016,24289,672,Female
SOCORRO,0.016,24289,673,Female
RENE,0.016,24289,674,Female
MARTINA,0.016,24289,675,Female
MARGO,0.016,24289,676,Female
MAVIS,0.016,24289,677,Female
CALLIE,0.016,24289,678,Female
BOBBI,0.016,24289,679,Female
MARITZA,0.016,24289,680,Female
LUCILE,0.016,24289,681,Female
LEANNE,0.016,24289,682,Female
JEANNINE,0.016,24289,683,Female
DEANA,0.016,24289,684,Female
AILEEN,0.016,24289,685,Female
LORIE,0.016,24289,686,Female
LADONNA,0.016,24289,687,Female
WILLA,0.016,24289,688,Female
MANUELA,0.016,24289,689,Female
GALE,0.016,24289,690,Female
SELMA,0.016,24289,691,Female
DOLLY,0.016,24289,692,Female
SYBIL,0.016,24289,693,Female
ABBY,0.016,24289,694,Female
LARA,0.016,24289,695,Female
DALE,0.016,24289,696,Female
IVY,0.016,24289,697,Female
DEE,0.016,24289,698,Female
WINNIE,0.016,24289,699,Female
MARCY,0.016,24289,700,Female
LUISA,0.016,24289,701,Female
JERI,0.015,22771,702,Female
MAGDALENA,0.015,22771,703,Female
OFELIA,0.015,22771,704,Female
MEAGAN,0.015,22771,705,Female
AUDRA,0.015,22771,706,Female
MATILDA,0.015,22771,707,Female
LEILA,0.015,22771,708,Female
CORNELIA,0.015,22771,709,Female
BIANCA,0.015,22771,710,Female
SIMONE,0.015,22771,711,Female
BETTYE,0.015,22771,712,Female
RANDI,0.015,22771,713,Female
VIRGIE,0.015,22771,714,Female
LATISHA,0.015,22771,715,Female
BARBRA,0.015,22771,716,Female
GEORGINA,0.015,22771,717,Female
ELIZA,0.015,22771,718,Female
LEANN,0.015,22771,719,Female
BRIDGETTE,0.015,22771,720,Female
RHODA,0.014,21253,721,Female
HALEY,0.014,21253,722,Female
ADELA,0.014,21253,723,Female
NOLA,0.014,21253,724,Female
BERNADINE,0.014,21253,725,Female
FLOSSIE,0.014,21253,726,Female
ILA,0.014,21253,727,Female
GRETA,0.014,21253,728,Female
RUTHIE,0.014,21253,729,Female
NELDA,0.014,21253,730,Female
MINERVA,0.014,21253,731,Female
LILLY,0.014,21253,732,Female
TERRIE,0.014,21253,733,Female
LETHA,0.014,21253,734,Female
HILARY,0.014,21253,735,Female
ESTELA,0.014,21253,736,Female
VALARIE,0.014,21253,737,Female
BRIANNA,0.014,21253,738,Female
ROSALYN,0.014,21253,739,Female
EARLINE,0.014,21253,740,Female
CATALINA,0.014,21253,741,Female
AVA,0.014,21253,742,Female
MIA,0.014,21253,743,Female
CLARISSA,0.014,21253,744,Female
LIDIA,0.014,21253,745,Female
CORRINE,0.014,21253,746,Female
ALEXANDRIA,0.014,21253,747,Female
CONCEPCION,0.014,21253,748,Female
TIA,0.014,21253,749,Female
SHARRON,0.014,21253,750,Female
RAE,0.014,21253,751,Female
DONA,0.014,21253,752,Female
ERICKA,0.014,21253,753,Female
JAMI,0.014,21253,754,Female
ELNORA,0.014,21253,755,Female
CHANDRA,0.014,21253,756,Female
LENORE,0.014,21253,757,Female
NEVA,0.013,19735,758,Female
MARYLOU,0.013,19735,759,Female
MELISA,0.013,19735,760,Female
TABATHA,0.013,19735,761,Female
SERENA,0.013,19735,762,Female
AVIS,0.013,19735,763,Female
ALLIE,0.013,19735,764,Female
SOFIA,0.013,19735,765,Female
JEANIE,0.013,19735,766,Female
ODESSA,0.013,19735,767,Female
NANNIE,0.013,19735,768,Female
HARRIETT,0.013,19735,769,Female
LORAINE,0.013,19735,770,Female
PENELOPE,0.013,19735,771,Female
MILAGROS,0.013,19735,772,Female
EMILIA,0.013,19735,773,Female
BENITA,0.013,19735,774,Female
ALLYSON,0.013,19735,775,Female
ASHLEE,0.013,19735,776,Female
TANIA,0.013,19735,777,Female
TOMMIE,0.013,19735,778,Female
ESMERALDA,0.013,19735,779,Female
KARINA,0.013,19735,780,Female
EVE,0.013,19735,781,Female
PEARLIE,0.013,19735,782,Female
ZELMA,0.013,19735,783,Female
MALINDA,0.013,19735,784,Female
NOREEN,0.013,19735,785,Female
TAMEKA,0.013,19735,786,Female
SAUNDRA,0.013,19735,787,Female
HILLARY,0.013,19735,788,Female
AMIE,0.013,19735,789,Female
ALTHEA,0.012,18217,790,Female
ROSALINDA,0.012,18217,791,Female
JORDAN,0.012,18217,792,Female
LILIA,0.012,18217,793,Female
ALANA,0.012,18217,794,Female
GAY,0.012,18217,795,Female
CLARE,0.012,18217,796,Female
ALEJANDRA,0.012,18217,797,Female
ELINOR,0.012,18217,798,Female
MICHAEL,0.012,18217,799,Female
LORRIE,0.012,18217,800,Female
JERRI,0.012,18217,801,Female
DARCY,0.012,18217,802,Female
EARNESTINE,0.012,18217,803,Female
CARMELLA,0.012,18217,804,Female
TAYLOR,0.012,18217,805,Female
NOEMI,0.012,18217,806,Female
MARCIE,0.012,18217,807,Female
LIZA,0.012,18217,808,Female
ANNABELLE,0.012,18217,809,Female
LOUISA,0.012,18217,810,Female
EARLENE,0.012,18217,811,Female
MALLORY,0.012,18217,812,Female
CARLENE,0.012,18217,813,Female
NITA,0.012,18217,814,Female
SELENA,0.012,18217,815,Female
TANISHA,0.012,18217,816,Female
KATY,0.012,18217,817,Female
JULIANNE,0.012,18217,818,Female
JOHN,0.012,18217,819,Female
LAKISHA,0.011,16699,820,Female
EDWINA,0.011,16699,821,Female
MARICELA,0.011,16699,822,Female
MARGERY,0.011,16699,823,Female
KENYA,0.011,16699,824,Female
DOLLIE,0.011,16699,825,Female
ROXIE,0.011,16699,826,Female
ROSLYN,0.011,16699,827,Female
KATHRINE,0.011,16699,828,Female
NANETTE,0.011,16699,829,Female
CHARMAINE,0.011,16699,830,Female
LAVONNE,0.011,16699,831,Female
ILENE,0.011,16699,832,Female
KRIS,0.011,16699,833,Female
TAMMI,0.011,16699,834,Female
SUZETTE,0.011,16699,835,Female
CORINE,0.011,16699,836,Female
KAYE,0.011,16699,837,Female
JERRY,0.011,16699,838,Female
MERLE,0.011,16699,839,Female
CHRYSTAL,0.011,16699,840,Female
LINA,0.011,16699,841,Female
DEANNE,0.011,16699,842,Female
LILIAN,0.011,16699,843,Female
JULIANA,0.011,16699,844,Female
ALINE,0.011,16699,845,Female
LUANN,0.011,16699,846,Female
KASEY,0.011,16699,847,Female
MARYANNE,0.011,16699,848,Female
EVANGELINE,0.011,16699,849,Female
COLETTE,0.011,16699,850,Female
MELVA,0.011,16699,851,Female
LAWANDA,0.011,16699,852,Female
YESENIA,0.011,16699,853,Female
NADIA,0.011,16699,854,Female
MADGE,0.011,16699,855,Female
KATHIE,0.011,16699,856,Female
EDDIE,0.011,16699,857,Female
OPHELIA,0.011,16699,858,Female
VALERIA,0.011,16699,859,Female
NONA,0.011,16699,860,Female
MITZI,0.011,16699,861,Female
MARI,0.011,16699,862,Female
GEORGETTE,0.011,16699,863,Female
CLAUDINE,0.011,16699,864,Female
FRAN,0.011,16699,865,Female
ALISSA,0.011,16699,866,Female
ROSEANN,0.01,15181,867,Female
LAKEISHA,0.01,15181,868,Female
SUSANNA,0.01,15181,869,Female
REVA,0.01,15181,870,Female
DEIDRE,0.01,15181,871,Female
CHASITY,0.01,15181,872,Female
SHEREE,0.01,15181,873,Female
CARLY,0.01,15181,874,Female
JAMES,0.01,15181,875,Female
ELVIA,0.01,15181,876,Female
ALYCE,0.01,15181,877,Female
DEIRDRE,0.01,15181,878,Female
GENA,0.01,15181,879,Female
BRIANA,0.01,15181,880,Female
ARACELI,0.01,15181,881,Female
KATELYN,0.01,15181,882,Female
ROSANNE,0.01,15181,883,Female
WENDI,0.01,15181,884,Female
TESSA,0.01,15181,885,Female
BERTA,0.01,15181,886,Female
MARVA,0.01,15181,887,Female
IMELDA,0.01,15181,888,Female
MARIETTA,0.01,15181,889,Female
MARCI,0.01,15181,890,Female
LEONOR,0.01,15181,891,Female
ARLINE,0.01,15181,892,Female
SASHA,0.01,15181,893,Female
MADELYN,0.01,15181,894,Female
JANNA,0.01,15181,895,Female
JULIETTE,0.01,15181,896,Female
DEENA,0.01,15181,897,Female
AURELIA,0.01,15181,898,Female
JOSEFA,0.01,15181,899,Female
AUGUSTA,0.01,15181,900,Female
LILIANA,0.01,15181,901,Female
YOUNG,0.01,15181,902,Female
CHRISTIAN,0.01,15181,903,Female
LESSIE,0.01,15181,904,Female
AMALIA,0.01,15181,905,Female
SAVANNAH,0.01,15181,906,Female
ANASTASIA,0.01,15181,907,Female
VILMA,0.01,15181,908,Female
NATALIA,0.01,15181,909,Female
ROSELLA,0.01,15181,910,Female
LYNNETTE,0.01,15181,911,Female
CORINA,0.01,15181,912,Female
ALFREDA,0.009,13663,913,Female
LEANNA,0.009,13663,914,Female
CAREY,0.009,13663,915,Female
AMPARO,0.009,13663,916,Female
COLEEN,0.009,13663,917,Female
TAMRA,0.009,13663,918,Female
AISHA,0.009,13663,919,Female
WILDA,0.009,13663,920,Female
KARYN,0.009,13663,921,Female
CHERRY,0.009,13663,922,Female
QUEEN,0.009,13663,923,Female
MAURA,0.009,13663,924,Female
MAI,0.009,13663,925,Female
EVANGELINA,0.009,13663,926,Female
ROSANNA,0.009,13663,927,Female
HALLIE,0.009,13663,928,Female
ERNA,0.009,13663,929,Female
ENID,0.009,13663,930,Female
MARIANA,0.009,13663,931,Female
LACY,0.009,13663,932,Female
JULIET,0.009,13663,933,Female
JACKLYN,0.009,13663,934,Female
FREIDA,0.009,13663,935,Female
MADELEINE,0.009,13663,936,Female
MARA,0.009,13663,937,Female
HESTER,0.009,13663,938,Female
CATHRYN,0.009,13663,939,Female
LELIA,0.009,13663,940,Female
CASANDRA,0.009,13663,941,Female
BRIDGETT,0.009,13663,942,Female
ANGELITA,0.009,13663,943,Female
JANNIE,0.009,13663,944,Female
DIONNE,0.009,13663,945,Female
ANNMARIE,0.009,13663,946,Female
KATINA,0.009,13663,947,Female
BERYL,0.009,13663,948,Female
PHOEBE,0.009,13663,949,Female
MILLICENT,0.009,13663,950,Female
KATHERYN,0.009,13663,951,Female
DIANN,0.009,13663,952,Female
CARISSA,0.009,13663,953,Female
MARYELLEN,0.009,13663,954,Female
LIZ,0.009,13663,955,Female
LAURI,0.009,13663,956,Female
HELGA,0.009,13663,957,Female
GILDA,0.009,13663,958,Female
ADRIAN,0.009,13663,959,Female
RHEA,0.009,13663,960,Female
MARQUITA,0.009,13663,961,Female
HOLLIE,0.009,13663,962,Female
TISHA,0.009,13663,963,Female
TAMERA,0.009,13663,964,Female
ANGELIQUE,0.009,13663,965,Female
FRANCESCA,0.009,13663,966,Female
BRITNEY,0.009,13663,967,Female
KAITLIN,0.009,13663,968,Female
LOLITA,0.009,13663,969,Female
FLORINE,0.009,13663,970,Female
ROWENA,0.009,13663,971,Female
REYNA,0.009,13663,972,Female
TWILA,0.009,13663,973,Female
FANNY,0.009,13663,974,Female
JANELL,0.009,13663,975,Female
INES,0.009,13663,976,Female
CONCETTA,0.009,13663,977,Female
BERTIE,0.009,13663,978,Female
ALBA,0.009,13663,979,Female
BRIGITTE,0.009,13663,980,Female
ALYSON,0.009,13663,981,Female
VONDA,0.008,12145,982,Female
PANSY,0.008,12145,983,Female
ELBA,0.008,12145,984,Female
NOELLE,0.008,12145,985,Female
LETITIA,0.008,12145,986,Female
KITTY,0.008,12145,987,Female
DEANN,0.008,12145,988,Female
BRANDIE,0.008,12145,989,Female
LOUELLA,0.008,12145,990,Female
LETA,0.008,12145,991,Female
FELECIA,0.008,12145,992,Female
SHARLENE,0.008,12145,993,Female
LESA,0.008,12145,994,Female
BEVERLEY,0.008,12145,995,Female
ROBERT,0.008,12145,996,Female
ISABELLA,0.008,12145,997,Female
HERMINIA,0.008,12145,998,Female
TERRA,0.008,12145,999,Female
CELINA,0.008,12145,1000,Female
